,0
0,Careca FC pando
1,ACIREMA
2,Tomate Mecanico F.C.
3,Los Secos F.C.
4,kmilo 03 FC
5,Johaldinho FC
6,alms1984
7,AnFel y ViDa FC
8,Oilers F.C.
9,Aguilas naranjas
10,LifeBlood
11,Mattrick F.C
12,chubarca
13,club atletico los demoled
14,Guardian Blacks
15,Atletico Montenegro
16,allstar13
17,Atlético Junior F.B.C
18,Scire Solutions S.A.S.
19,A.C END
20,el mini junior
21,Wotan Wels FC
22,Puperos FC
23,Cockney Boys
24,piamonte fg
25,Unión Magdalena
26,NaJa
27,Pahf
28,Morgana Futbol Club
29,Los Fantasticos F.C.
30,Jaz
31,.Atlético Nacional.
32,"Hellsing,"
33,Shuffle Aliance
34,Coyotes F. C. 
35,Impact Laval FC
36,cipotuo
37,HYDE1980
38,Millonarios FC 1946
39,Inglorious Basterds F.C.
40,brakmar fc
41,Gatos Depor Club
42,CSD VAMOS MILLOS
43,Bugalagrande F.C.
44,Deportivo Los Canallas
45,CALIDOSOS F.C.
46,REAL BARRANQUILLA
47,Magdalenense
48,Aylon FC
49,Azzurri F.C.
50,JUNIOR S.A
51,FC Vestrus
52,los mandificos
53,Druid Master
54,FC Verdolaga
55,Las Fuerzas Especiales Gi
56,invercionesguzman
57,Deportivo Alavés
58,Tricolor Italiano FC
59,Visivo Fútbol Club
60,Cundinamarca
61,LOS EXTRATERRESTRES FC
62,Real Blanco y azul FC
63,SF Bogotá 38 CF
64,Tupale FC
65,L.A.C. II
66,Piltrafas
67,LCSFC
68,DBZ FC
69,Pizza de Kiwi FC
70,Danco deport
71,-SiR
72,Yances FC
73,Los Patas FC
74,si te vi no me acuerdo
75,El Zapote Mecánico
76,Villa Cerva
77,Tipacoque C.F.
78,Bailongo allstars
79,Cristhancho FC
80,vekekos
81,Deportivo Recochanboys
82,union deportiva provincia
83,paisas F.C.
84,Misas FC
85,Canibal FC
86,YOUTUBERS
87,Me le canso FC ***
88,Roofers FC
89,Dark Zide
90,Inter de Bogotá Fc
91,indumentaria colombiana
92,yayoteam
93,Agonistas FC
94,Zaragozilla
95,NARD Bangalter
96,Aburraes F.C.
97,Liverpool-&-América-Super
98,Buffon Fútbol Club
99,Club Deportivo Tapita
100,Fénix Dorado
101,Nio Fútbol Club
102,Sion_28 FC
103,Legends house
104,La donjuana
105,Atletico Nacional.
106,pirus
107,Pulgas Arrechas
108,los hermanos S
109,The Beaters FC
110,Galaxy SS7
111,JACS Futbol Club
112,Libertad Juniorista
113,cerros tutelares
114,ChocQuibTown FC
115,Club Atlético Girón
116,Millonarios Bogotá MFC
117,Baila a mi Son
118,dragones naranjas
119,Los Ranchos
120,Los Millonarios FC
121,Independiente Santa Fe
122,frizer
123,Empíreo F.C.
124,Heats C.F
125,JUZPROTON
126,La Real Sobriedad
127,Deporclub
128,Athletic Juan F.C
129,Güechas F.C.
130,futbol club primix
131,Falcord F.C.
132,BRUNAFI FC
133,Armenia C.F.
134,FC. La Banda
135,Gorilas Dorados FC.
136,Dantesaurios FC
137,RedLion FC
138,ausente
139,LA_ACAD3M1A_FC
140,Deportivo interncional st
141,Red_Angels
142,san pablo fc zipas
143,Novalito
144,Eleven Team
145,Atletico Sebjua's
146,El Regimiento
147,Deportivo Barranquita FC.
148,Palmira ve
149,Union Nacional FC
150,Cali Fotball Club
151,Boyacá Chiquitico FC
152,Cadrasc FC
153,Internacional de Bogotá
154,julijose2006
155,cortulua
156,LEON FC CLUB
157,Jonndavzs FC
158,Independiente Guerreros
159,Pulgarin FC
160,DjTeamFC
161,Brujildo F.C.
162,Guerrreras
163,TATOA FC
164,Junior TU PAPÁ
165,maxgoalers
166,Rx F.C
167,MilIonarios F.C.
168,Dark Revolutiion
169,pasión de un pueblo
170,Valledupar z
171,cemvox
172,C.A.N. Verdolaga
173,duhermes club
174,Five Finger
175,Le Blanc de La Vallière
176,San José y Santa María
177,Good Old Fashioned
178,jhosua
179,La Juve F.C.
180,deporti
181,Andino FC 
182,*-Atletico Nacional-*
183,Piamonte
184,Chelsea DiCi
185,Stanford Fútbol Club
186,Ramone F.C
187,debasers
188,BAYER MUNCH
189,America1927
190,SUPER CHAMPS FC
191,La Academia11
192,El Carmen de Nazareth Fc.
193,GALJ FC
194,Laporte
195,Kenyo FC
196,JAGUARES DE CORDOBA FC SA
197,Inter de Duitama
198,HACHAS
199,Island United
200,Shawn F.C
201,Los 11 de Douglas
202,The paez team
203,Puros_Criollos
204,Crackers F.C
205,la rompemos siempre FC
206,perla verde
207,Bogotá Oficial
208,TIANFC
209,Red Menace
210,St. Michael United
211,Desventaja
212,milan ca
213,CAMACHINES
214,azulnin
215,Real Valle Escondido
216,El Glorioso Deportivo Cal
217,Blueplayers F.C
218,Sportivo las Lajas
219,Academia Arsenal FC
220,Deportivo Pakistán
221,chinchi F.C.
222,Game day soccer academy
223,Alacranibiris
224,PINTUARD
225,TECK FUTBOL CLUB
226,Los Mondacales
227,Los Billonarios
228,ERMOLEINIANOS
229,ARMIRO
230,FC Profesionales Sebas
231,Internazionale Club
232,ATLÉTICO SAN BENITO
233,JAAR
234,AC David FC
235,Club Atlético Nacional A/
236,Azul y Blanco F.C
237,Union Colombia F.C
238,gatako fc
239,Nasa F.C.
240,Deportivo Tapitas FC
241, F.C. Pandas
242,lotainta
243,Los Piulguis
244,loscremas
245,Nachonal Paisa
246,ATLANTICO ATLAS
247,atletico piedecuesta
248,Tapita fc
249,Mazuke
250,DreamTeam+10
251,Drunk Dragons
252,Maria Futbol Club
253,Alianza Petrolera FC
254,LAW FC
255,mistycal floo
256,Alianza Llanos F.C.
257,CantilloF.C.
258,plastico
259,Club Atlético JACS
260,club FC Barcelona
261,Memillos
262,Tibu FC
263,Guerreros de Occidente
264,BOGOTA AZUL 1973
265,AC Barranca
266,L.M.A club
267,Anunnaki FC
268,Real Rulez
269,villavicencio2016
270,fortals
271,Fudbalski klub Crvena Zve
272,F.C los guajiros
273,Almasan
274,Club rzr
275,GabrielRn FC
276,Pedilitos FC
277,Deportivo 2 de Mayo F.C.
278,ac Milan09
279,Familia R F.C
280,NEYMAR F.C
281,New ManUtd
282,sefpTrick
283,Once Bucaros
284,FC Anfauglir
285,Outside 113
286,Carmen Galaxy
287,medialuna
288,neo pegasu
289,cessid
290,Segovia
291,C90BDM
292,DEUS DO MUNDO
293,Épsilon
294,Universidad juvenil
295,chibchombian devil's
296,Judisama F.C.
297,CAFU
298,Comfandi Cartago
299,The Primos Club
300,Deportivo Manizales F.C.
301,Heroes de Leyenda FC
302,juanesf
303,Allegros FC
304,JhonPac
305,VM SOCCER F.C.
306,Envigado F.C.F
307,Nacho Verde.
308,BARCELONA DTCH
309,Ad astra F.C.
310,Manicomio F.C
311,io2
312,Real Joga Bonito
313,Gundrak City H.C.
314,Kyros
315,Suamox F.C.
316,Club Atletico Boca Junior
317,Shikoshoume
318,Inmudanos
319,-VERDE- AC.
320,Real fores FC
321,BlueTigers FC
322,Tiburones FC 2005
323,Galacticos Azules
324,Wimbledon F.C
325,ATALANTA80
326,ipiales
327,AutoGol F.C.
328,Medjugorje F.C.
329,Racing Club Cali
330,Deportivo Pescaito
331,Amarty FC
332,Leon Rojo F.C.
333,VENTAQUEMADA FUTBOL CLUB
334,fortin del oriente
335,DMSF F.C
336,FlaTuLenToX
337,Expreso Santa Fe
338,Manizales Gambas
339,Rata Fc.
340,Atletico Club Del San Jua
341,Escuchamos Voces SA
342,SANTA_FC
343,Alianza Atletico La Q`lon
344,barcapro2007
345,Xinquer Internacional
346,Angesutos
347,Cunday F.C.
348,Mozareta F.C.
349,Trovadores FC
350,CLUB ATLETICO TRIPICHIN 
351,FC Boavita
352,Popayán
353,Rorschach
354,Respetame FC
355,Universidad del Valle F.C
356,ATL CALDAS
357,Untouchables F.C.
358,santitteam
359,) Dangerous Transfer! mon
360,manuel FC 12
361,Arkhadia FC
362,Juser F.C
363,Mi Cuadra En La Cancha
364,CM PUNK TEAM
365,zacatecas
366,CHILANGA BANDA
367,Atletico Havoc
368,Zedh F.C.
369,Puercos
370,"MR,DRAGONFC"
371,Libreypool F.C
372,Football Association Aven
373,JUBILADOS FTB CLUB
374,Urabá
375,ATLETICO DISTRITO CAPITAL
376,joan
377,ONCHESTER UNITED
378,C+2 MTB
379,ModularForniture
380,Lions team F.C.
381,ESKRLATAS F.C
382,REAL SANTAFE FC
383,Blue Rangers
384,parlanchines
385,dream-team64
386,edson fdb
387,AL KABO KE NI KERIA
388,Anorí
389,The Lynxs
390,CF GOLD
391,Tuxpinbyte
392,Club Leopardos
393,Camilines
394,zlRa
395,'Zeitgeist'
396,AMAYALVARO
397,Sporting Santa Fe
398,Brothersforever
399,-Atletico Nacional-
400,Girardot FC
401,TriSOS
402,FC Ocaña N. De. S
403,La Sabiduria FC
404,deportivo los destructore
405,Atlético Pereira
406,river la mata
407,Anarchy World
408,Los 420
409,Mzles FC
410,LEDS F.C
411,US Foggia Revolution
412,Costa Norte F.C.
413,Rockonarios
414,Barbaros elite
415,BAYERN MONGOLO
416,Parabol FC
417,Comunidad Roja
418,Afroteam
419,CUYABROS FC
420,los salados
421,ARSENAL THE GUNNERS
422,SportJemm
423,Madarve F.C.
424,Moncho FC
425,Rhapsody of Helloween
426,CEA_FERRARI_VALLEDUPAR
427,BRAVOS DT
428,Independiente Vengadores 
429,Elakt
430,bogotano de sepa
431,Delta THC
432,KM GAME
433,Furia Latina
434,Belén
435,Poker de Diamantes FC
436,Asisenses 
437,El Nogal
438,atletico =nacional
439,Depor Champions
440,Crack00432
441,FC Tolimita
442,Los pica piernas F.C
443,América de Tunja
444,Ind. Medellin.
445,Papaya a 2000
446,Nicolao
447,Limateme Club
448,ARIEL.F.C
449,Churreteados F.C
450,El millos
451,Atletic paranamenso
452,P.H.E F.c
453,El Dorado F. C
454,Brn9
455,Peor Es Nada FC.
456,AS Guaracha
457,Clostridum Fc
458,atletico inmortal
459,"Las Vegas FC,"
460,Camaros
461,Atletico Wizars
462,FABTOLIBAG
463,Liga Mágica Deportiva San
464,Fenix Club
465,Club Atlético Boyacá
466,la libertad_fc
467,Los Brujos del Cuero
468,Trajanos F.C.
469,Chimuelo
470,Tharnat Original FC
471,taksun
472,Deportivo Pastuso
473,imperio currambero
474,bogotá united
475,London Blue FC.
476,Cortulua FC
477,Atletico Bucaramanga FC
478,los magos de la gambeta f
479,Dj henry ruge
480,Santuario FC
481,Math-Cavco
482,REAL COLTECOYA
483,Rayas Verdes
484,TABARCA FC
485,MARACANEIROS F.C.
486,Tumaco Island F.c
487,Ercafers F.C.
488,El Fuego F.C.
489,KissArmy
490,Nacional Bogota
491,Alacraníbiris Lodge Knigh
492,Embajador 1946
493,nodoatrial
494,junior de barraquilla
495,Blackwolves Football Club
496,AV Barcelona
497,Recreativo F.C.
498,Bayernbsaa
499,Vallunos F.C
500,SDVSF
501,Norvarones 1991
502,pelotillihue
503,Munich D.C.
504,Rey de copas0102
505,Saturn F.C.
506,Club atlético colegiales
507,SAFETRING F.C.
508,Juanes fc2
509,ACIREMA
510,mateo f.c
511,Los Secos F.C.
512,VAGOL FC
513,Johaldinho FC
514,FC Iponoo
515,AnFel y ViDa FC
516,El Shaddai
517,Aguilas naranjas
518,Piratas de aguas turbias 
519,Mattrick F.C
520,FC Bionics
521,club atletico los demoled
522,los realosos
523,Atletico Montenegro
524,SANTAFECITO6
525,Atlético Junior F.B.C
526,Atlético Junior
527,A.C END
528,Asenta F.C
529,Wotan Wels FC
530,Barranquilla C.F.A.
531,Cockney Boys
532,Junior F.B.C
533,Unión Magdalena
534,Atlas C.A.F
535,Pahf
536,A.C Skydome
537,Los Fantasticos F.C.
538,los plateños
539,.Atlético Nacional.
540,Capital  F C
541,Shuffle Aliance
542,Requiem of Spirit F.C
543,Impact Laval FC
544,Olympique Atalanta
545,HYDE1980
546,relampago
547,Inglorious Basterds F.C.
548,Los Barbaros del Ritmo FC
549,Gatos Depor Club
550,Tapa Tapita
551,Bugalagrande F.C.
552,Sultanes RFC
553,CALIDOSOS F.C.
554,WEREWOLF F.C.
555,Magdalenense
556,Club Diamante FC
557,Azzurri F.C.
558,leonesguajiros
559,FC Vestrus
560,Caobos FC
561,Druid Master
562,Gremio PA reloaded
563,Las Fuerzas Especiales Gi
564,la toco y me vengo
565,Deportivo Alavés
566,Atlético Nacho
567,Visivo Fútbol Club
568,El Cantil F.C.
569,LOS EXTRATERRESTRES FC
570,Lengua de Serpiente 
571,SF Bogotá 38 CF
572,Manchester United (ING)
573,L.A.C. II
574,KATEGART
575,LCSFC
576,seguro del eje
577,Pizza de Kiwi FC
578,ABREGO F. C
579,-SiR
580,REAL BARCELONA F.C.
581,Los Patas FC
582,derus
583,El Zapote Mecánico
584,Imperivm Romanvm
585,Tipacoque C.F.
586,F.C. Nativos
587,Cristhancho FC
588,Indios Canivales
589,Deportivo Recochanboys
590,Club Deportivo Remolinos
591,paisas F.C.
592,XINJIA
593,Canibal FC
594,Diavolo F.C.
595,Me le canso FC ***
596,Atlético Oyó FC
597,Dark Zide
598,Cluster Boys 
599,indumentaria colombiana
600,Somos Tiburones
601,Agonistas FC
602,Katage 2.0
603,NARD Bangalter
604,i draghi F.C
605,Liverpool-&-América-Super
606,Athletic Yellow Fury C.D.
607,Club Deportivo Tapita
608,Samago FC
609,Nio Fútbol Club
610,Sudakas F.C.
611,Legends house
612,Deportivo Suba F.C.
613,Atletico Nacional.
614,Real VodkaYa
615,Pulgas Arrechas
616,Guns N' Roses Army
617,The Beaters FC
618,Bogotá F.C
619,JACS Futbol Club
620,Avermus
621,cerros tutelares
622,Urkuc
623,Club Atlético Girón
624,MONTERIA.FC
625,Baila a mi Son
626,Cafeteritos
627,Los Ranchos
628,Real Zumanques
629,Independiente Santa Fe
630,Los Pupis
631,Empíreo F.C.
632,Casiba FC
633,Deporclub
634,Depor Baracoa F.C
635,Güechas F.C.
636,Atlanta de Villa Crespo
637,Falcord F.C.
638,Humcar F.C.
639,Armenia C.F.
640,atletico de madrid bbbbb
641,Gorilas Dorados FC.
642,kairos_fireball
643,RedLion FC
644,FyL Futbol Club
645,LA_ACAD3M1A_FC
646,Corporación Junior F.C.
647,Red_Angels
648,preprensa
649,Novalito
650,Ateam
651,Atletico Sebjua's
652,The Phisicians
653,Union Nacional FC
654,Los Guaros F.C.
655,Boyacá Chiquitico FC
656,BarcAmerica
657,Internacional de Bogotá
658,Mcfutboll
659,cortulua
660,F.C. loperena
661,Jonndavzs FC
662,Aquanoid
663,Pulgarin FC
664,Verdolagas team fc
665,Brujildo F.C.
666,Academia San Martin
667,TATOA FC
668,Malenti FC
669,maxgoalers
670,Blancos 4ever
671,MilIonarios F.C.
672,4251751
673,pasión de un pueblo
674,Sig.com
675,cemvox
676,Chapitas Futbol Club
677,duhermes club
678,Deportivo Quindío
679,Le Blanc de La Vallière
680,Tres esquinas united
681,Good Old Fashioned
682,Sporting Butifarra 2008
683,La Juve F.C.
684,La ñoña (RE)
685,Andino FC 
686,Jaguares Fk
687,Piamonte
688,La Pasión de un Pueblo
689,Stanford Fútbol Club
690,pit_bull's01
691,debasers
692,JERÓNIMO FC
693,America1927
694,juda's lion team
695,La Academia11
696,Colombinos FC
697,GALJ FC
698,ítaca
699,Kenyo FC
700,Club Deportivo Mirandela
701,Inter de Duitama
702,Premier F.C.
703,Island United
704,vorussia wins
705,Los 11 de Douglas
706,Los azules FC
707,Puros_Criollos
708,FC Imperia 
709,la rompemos siempre FC
710,The scarecrow
711,Bogotá Oficial
712,Moloko F.C.
713,Red Menace
714,Real decepcion
715,Desventaja
716,Blitz Corp
717,CAMACHINES
718,Nestortas F.C
719,Real Valle Escondido
720,club independie santa fe
721,Blueplayers F.C
722,Real Velez FC
723,Academia Arsenal FC
724,U.S.B. FC
725,chinchi F.C.
726,Leble Fc
727,Alacranibiris
728,Atlético Fucha
729,TECK FUTBOL CLUB
730,Wittelsbach Royal Club
731,Los Billonarios
732,Trujos F.C
733,ARMIRO
734,Dark Force United
735,Internazionale Club
736,AT BUCARAMANGA
737,JAAR
738,jodamega team
739,Club Atlético Nacional A/
740,LOS GATOS GORDOS
741,Union Colombia F.C
742,CAMG RELOADED
743,Nasa F.C.
744,Negalv FC
745, F.C. Pandas
746,Golden Lions F.C.
747,Los Piulguis
748,Carlosluro
749,Nachonal Paisa
750,MONTAÑEROS F.C.
751,atletico piedecuesta
752,ValhallaFc
753,Mazuke
754,NY Yankees F C
755,Drunk Dragons
756,Guateque
757,Alianza Petrolera FC
758,intelligent fc
759,mistycal floo
760,Studio Pance
761,CantilloF.C.
762,Atlético 4A
763,Club Atlético JACS
764,DELTA MULTISPORTS FC
765,Memillos
766,Monarquía FC
767,Guerreros de Occidente
768,tollcito FC
769,AC Barranca
770,Atlético Piedrópolis
771,Anunnaki FC
772,Atlético Ruiz
773,villavicencio2016
774,Ck47
775,Fudbalski klub Crvena Zve
776,Victoria Dynamo
777,Almasan
778,Atletico Chiguiros
779,GabrielRn FC
780,MikaD FC
781,Deportivo 2 de Mayo F.C.
782,Axlbarcelona
783,Familia R F.C
784,Dragones de la sierra
785,New ManUtd
786,con papa y yuca
787,Once Bucaros
788,CRISANMO FC
789,Outside 113
790,caribe
791,medialuna
792,AVENIDACERO
793,cessid
794,Rann FC
795,C90BDM
796,S. B. Metropolitana
797,Épsilon
798,LA MLDS1989
799,chibchombian devil's
800,Clap F.C.
801,CAFU
802,Cali Wolves FC
803,The Primos Club
804,El Combo de Manu
805,Heroes de Leyenda FC
806,OST CHEN
807,Allegros FC
808,Pip-Boy Inazuma F.C.
809,VM SOCCER F.C.
810,BC Divid Club
811,Nacho Verde.
812,The Hamsters
813,Ad astra F.C.
814,Real DGJA FC
815,io2
816,El Verde Paisa
817,Gundrak City H.C.
818,1500depanconñapa
819,Suamox F.C.
820,Drogon FC
821,Shikoshoume
822,C8Tunja F.C.
823,-VERDE- AC.
824,FC Broz
825,BlueTigers FC
826,Hptaa
827,Galacticos Azules
828,peperony
829,ATALANTA80
830,Once Campeon!
831,AutoGol F.C.
832,River Palmira
833,Racing Club Cali
834,Letal Krueger
835,Amarty FC
836,CORALT3EX F. C.
837,VENTAQUEMADA FUTBOL CLUB
838,Águilas F.S
839,DMSF F.C
840,Guerreros Rockers en Live
841,Expreso Santa Fe
842,Los Reyes del Tolima
843,Rata Fc.
844,Matapatos
845,Escuchamos Voces SA
846,Vureas Bay FC
847,Alianza Atletico La Q`lon
848,Deportivo Cali Campeon
849,Xinquer Internacional
850,Americanos
851,Cunday F.C.
852,wunderman
853,Trovadores FC
854,sleeping knigth
855,FC Boavita
856,Los Zetas
857,Rorschach
858,FC Calavera
859,Universidad del Valle F.C
860,ClouDy
861,Untouchables F.C.
862,Alac Yalcón FC
863,) Dangerous Transfer! mon
864,La Perfidia
865,Arkhadia FC
866,Club Deportes Quindío
867,Mi Cuadra En La Cancha
868,chocolo009
869,zacatecas
870,DRINK TEAM CLUB
871,Puercos
872,Niece FC
873,Libreypool F.C
874,Tsugaru
875,JUBILADOS FTB CLUB
876,Asthon William
877,ATLETICO DISTRITO CAPITAL
878,Norkeen
879,ONCHESTER UNITED
880,gslfc
881,ModularForniture
882,Gloria Embajadora
883,ESKRLATAS F.C
884,Coffee International Club
885,Blue Rangers
886,JFC Soccer Club.
887,dream-team64
888,Fulito F.C.
889,AL KABO KE NI KERIA
890,NutCrackers F.C
891,The Lynxs
892,Gangster FC.
893,Tuxpinbyte
894,Cali Wolf's
895,Camilines
896,Nautica calich
897,'Zeitgeist'
898,Tiburones F.C.
899,Sporting Santa Fe
900,Oilers Old Boys FC
901,-Atletico Nacional-
902,GhartanFC
903,TriSOS
904,ATLETICO BUENAS PERAS
905,La Sabiduria FC
906,OCCIDENTE F.C
907,Atlético Pereira
908,Thoribio fc
909,Anarchy World
910,Shaka Football Club
911,Mzles FC
912,Deportivo Pasto F.C
913,US Foggia Revolution
914,BirriaMaster FC
915,Rockonarios
916,TamarindoFC
917,BAYERN MONGOLO
918,Gioccodibello
919,Comunidad Roja
920,La Pillería Reload
921,CUYABROS FC
922,River Wookie
923,ARSENAL THE GUNNERS
924,Campeón Albiazul
925,Madarve F.C.
926,Torino Raptors
927,Rhapsody of Helloween
928,JAIDERMAN
929,BRAVOS DT
930,preguntele a su madre fc
931,Elakt
932,Juanko
933,Delta THC
934,CooperS FC
935,Furia Latina
936,Forte Futbol
937,Poker de Diamantes FC
938,Maccabi de Tel Aviv
939,El Nogal
940,MeloDiaz
941,Depor Champions
942,Dr. Zaius Utd.
943,FC Tolimita
944,MILLIONARS FC
945,América de Tunja
946,REAL CTG FC
947,Papaya a 2000
948,Chipi Chipi F.C.
949,Limateme Club
950,Green Bay Packers F.C.
951,Churreteados F.C
952,Capuleto F.C
953,Atletic paranamenso
954,LLANOCLUB
955,El Dorado F. C
956,Agor f.c.
957,Peor Es Nada FC.
958,operación gallina
959,Clostridum Fc
960,GZ Football Club
961,"Las Vegas FC,"
962,Los Pichis Club
963,Atletico Wizars
964,ATOMOTA
965,Liga Mágica Deportiva San
966,Jaguares de Cordoba Coral
967,Club Atlético Boyacá
968,Puro Futbol F.C.
969,Los Brujos del Cuero
970,SWAT. South american Warr
971,Chimuelo
972,200 de Tostado
973,taksun
974,LDWard F.C.
975,imperio currambero
976,Bogota city
977,London Blue FC.
978,19 de Abril F.C.
979,Atletico Bucaramanga FC
980,Atletico Picapiedras
981,Dj henry ruge
982,FC LMS.
983,Math-Cavco
984,DEPORTIVO UNIVERSITARIO I
985,Rayas Verdes
986,No puede ser F.C.
987,MARACANEIROS F.C.
988,Thirteen Strikers
989,Ercafers F.C.
990,Libertario F.C
991,KissArmy
992,@SPUR21@
993,Alacraníbiris Lodge Knigh
994,Bayern D'Mario
995,nodoatrial
996,oriteam
997,Blackwolves Football Club
998,TierrelitasXP
999,Recreativo F.C.
1000,No Era Gol De Yepes
1001,Vallunos F.C
1002,BloodLine
1003,Norvarones 1991
1004,Nacionalh
1005,Munich D.C.
1006,Zandalari Empire F.C.
1007,Saturn F.C.
1008,THE PARCEROS F.C
1009,SAFETRING F.C.
1010,Juventud F.C. 
1011,Deportivo Mendozinos
1012,Envigado -FC-
1013,maggot's team742717000027
1014,Atlético Junior
1015,ACIREMA
1016,Olympique Atalanta
1017,Los Secos F.C.
1018,relampago
1019,Johaldinho FC
1020,WEREWOLF F.C.
1021,AnFel y ViDa FC
1022,Gremio PA reloaded
1023,Aguilas naranjas
1024,Indios Canivales
1025,Mattrick F.C
1026,XINJIA
1027,club atletico los demoled
1028,Atlético Oyó FC
1029,Atletico Montenegro
1030,i draghi F.C
1031,Atlético Junior F.B.C
1032,Los Pupis
1033,Wotan Wels FC
1034,Depor Baracoa F.C
1035,Cockney Boys
1036,juda's lion team
1037,Unión Magdalena
1038,Colombinos FC
1039,Pahf
1040,ítaca
1041,Los Fantasticos F.C.
1042,Real decepcion
1043,.Atlético Nacional.
1044,Blitz Corp
1045,Shuffle Aliance
1046,club independie santa fe
1047,Impact Laval FC
1048,Leble Fc
1049,Gatos Depor Club
1050,Golden Lions F.C.
1051,Bugalagrande F.C.
1052,ValhallaFc
1053,CALIDOSOS F.C.
1054,Guateque
1055,Azzurri F.C.
1056,Victoria Dynamo
1057,FC Vestrus
1058,Rann FC
1059,Druid Master
1060,S. B. Metropolitana
1061,Deportivo Alavés
1062,Cali Wolves FC
1063,Visivo Fútbol Club
1064,FC Broz
1065,LOS EXTRATERRESTRES FC
1066,Águilas F.S
1067,SF Bogotá 38 CF
1068,Americanos
1069,L.A.C. II
1070,Los Zetas
1071,LCSFC
1072,FC Calavera
1073,Pizza de Kiwi FC
1074,La Perfidia
1075,-SiR
1076,Club Deportes Quindío
1077,Los Patas FC
1078,chocolo009
1079,El Zapote Mecánico
1080,SPORT WINS
1081,Tipacoque C.F.
1082,DRINK TEAM CLUB
1083,Cristhancho FC
1084,Tsugaru
1085,paisas F.C.
1086,gslfc
1087,Me le canso FC ***
1088,Coffee International Club
1089,indumentaria colombiana
1090,JFC Soccer Club.
1091,Agonistas FC
1092,Cali Wolf's
1093,NARD Bangalter
1094,Nautica calich
1095,Club Deportivo Tapita
1096,GhartanFC
1097,Nio Fútbol Club
1098,OCCIDENTE F.C
1099,Legends house
1100,Thoribio fc
1101,Atletico Nacional.
1102,BirriaMaster FC
1103,Pulgas Arrechas
1104,Campeón Albiazul
1105,The Beaters FC
1106,Forte Futbol
1107,JACS Futbol Club
1108,MeloDiaz
1109,cerros tutelares
1110,Dr. Zaius Utd.
1111,Club Atlético Girón
1112,MILLIONARS FC
1113,Baila a mi Son
1114,Bogota city
1115,Los Ranchos
1116,Atletico Picapiedras
1117,Independiente Santa Fe
1118,DEPORTIVO UNIVERSITARIO I
1119,JUZPROTON
1120,Thirteen Strikers
1121,Deporclub
1122,Libertario F.C
1123,Falcord F.C.
1124,@SPUR21@
1125,Armenia C.F.
1126,No Era Gol De Yepes
1127,Gorilas Dorados FC.
1128,BloodLine
1129,RedLion FC
1130,Zandalari Empire F.C.
1131,LA_ACAD3M1A_FC
1132,Envigado -FC-
1133,Red_Angels
1134,Blue International FC
1135,Novalito
1136,Rueda deportivo
1137,Atletico Sebjua's
1138,TiffanyTwins FC
1139,Deportivo Barranquita FC.
1140,deportivo flamengo
1141,Union Nacional FC
1142,AUTOMATAS F.C
1143,Boyacá Chiquitico FC
1144,America de Cali F.C.
1145,Internacional de Bogotá
1146,Nacional_1986
1147,cortulua
1148,FC Turmequé
1149,Jonndavzs FC
1150,JOLU FC II
1151,Pulgarin FC
1152,Becerril F. C.
1153,Brujildo F.C.
1154,DIM - MEDELLIN
1155,TATOA FC
1156,FC Guayita
1157,maxgoalers
1158,Excelsior Futbol Club
1159,MilIonarios F.C.
1160,Medina United F.C.
1161,pasión de un pueblo
1162,C.F. Real Cali
1163,cemvox
1164,ORION ULTRA
1165,duhermes club
1166,Namay C.F
1167,Le Blanc de La Vallière
1168,Cruzada Real
1169,Good Old Fashioned
1170,Fusagasugá
1171,La Juve F.C.
1172,Ascavano
1173,Andino FC 
1174,Popular F.C
1175,Piamonte
1176,3.141592
1177,Stanford Fútbol Club
1178,Old Brown Shoe
1179,debasers
1180,FAEN
1181,America1927
1182,Feder FC
1183,Inter de Duitama
1184,Magics F.C
1185,Island United
1186,tumbakatres
1187,Los 11 de Douglas
1188,DLEONTEAM
1189,Puros_Criollos
1190,KoFutbol
1191,la rompemos siempre FC
1192,NK Ozujsko
1193,Bogotá Oficial
1194,MTO DURO
1195,Red Menace
1196,C.D.L.M.
1197,Real Valle Escondido
1198,Cósmicos
1199,Academia Arsenal FC
1200,ATLETICO GREEN
1201,chinchi F.C.
1202,Club Atlético Vegas
1203,TECK FUTBOL CLUB
1204,Club Los Libertadores
1205,Los Billonarios
1206,Atletico Notarial F C
1207,ARMIRO
1208,Calduteros
1209,Internazionale Club
1210,DANGOND F.C.
1211,JAAR
1212,Kissinger F.C
1213,Club Atlético Nacional A/
1214,F.C Foxboroug
1215,Union Colombia F.C
1216,Ocaña Fc.
1217,Nasa F.C.
1218,FC Millonarios 1988
1219, F.C. Pandas
1220,Destructor de redes
1221,Nachonal Paisa
1222,o11ce caldas_11
1223,atletico piedecuesta
1224,PEPOS F.C
1225,Drunk Dragons
1226,Inter De La Paz
1227,mistycal floo
1228,Real Bogota FC
1229,CantilloF.C.
1230,alianza salitre fc
1231,Club Atlético JACS
1232,Skywalker 79
1233,Memillos
1234,BLANCOX F.C
1235,Guerreros de Occidente
1236,lacatolica
1237,AC Barranca
1238,Barzoolombia
1239,Anunnaki FC
1240,Millonarios FC.
1241,villavicencio2016
1242,Los Acaba Ropa
1243,Fudbalski klub Crvena Zve
1244,Bogotazo D
1245,GabrielRn FC
1246,The Killers fc
1247,Deportivo 2 de Mayo F.C.
1248,Los mugiwara
1249,Familia R F.C
1250,Rocknroles
1251,New ManUtd
1252,los Its 2018
1253,Once Bucaros
1254,A.S. Montería
1255,Outside 113
1256,la vega team
1257,medialuna
1258,E.E del Pueblo F.C
1259,cessid
1260,Rodadero F.C.
1261,chibchombian devil's
1262,ATLETICO BARRANQUILLA
1263,CAFU
1264,Rodtes FC
1265,Heroes de Leyenda FC
1266,heddeer f.c
1267,Allegros FC
1268,BUSETEROS F.C
1269,VM SOCCER F.C.
1270,KRIBI
1271,Nacho Verde.
1272,FC Sporting Barranquilla
1273,Ad astra F.C.
1274,FC CLASSIC
1275,io2
1276,Combo del Chavo
1277,Gundrak City H.C.
1278,Corporación Deportiva Rea
1279,Suamox F.C.
1280,Independiente Santa Fe de
1281,Shikoshoume
1282,Wise Monkeys F.C.
1283,-VERDE- AC.
1284,Deportivo UNREAL
1285,Galacticos Azules
1286,HARTEN KLAUSSEN
1287,ATALANTA80
1288,DEORTIVO POSTOBON
1289,AutoGol F.C.
1290,FC Piamonte
1291,Racing Club Cali
1292,Valle de Aburra 2
1293,Amarty FC
1294,El Bolzon fc
1295,VENTAQUEMADA FUTBOL CLUB
1296,Red Bros FC
1297,Expreso Santa Fe
1298,Los Canallas CF
1299,Rata Fc.
1300,Matadores AS
1301,Escuchamos Voces SA
1302,Medicina F.C.
1303,Alianza Atletico La Q`lon
1304,Atlético Manchester FC
1305,Xinquer Internacional
1306,La Burbuja F.C.
1307,Trovadores FC
1308,Hoster FC
1309,FC Boavita
1310,3DSports F.C
1311,Untouchables F.C.
1312,La Firma
1313,) Dangerous Transfer! mon
1314,Tiburones 1924
1315,Libreypool F.C
1316,NetGear_VFM
1317,ATLETICO DISTRITO CAPITAL
1318,Inopia
1319,ONCHESTER UNITED
1320,Internacional de Antioqui
1321,ESKRLATAS F.C
1322,Atlético Turén
1323,AL KABO KE NI KERIA
1324,Goe-Team
1325,The Lynxs
1326,LEALTAD F.C.
1327,Tuxpinbyte
1328,PapaJhons FC
1329,Sporting Santa Fe
1330,SAN ALEJO F.C.
1331,-Atletico Nacional-
1332,winzard
1333,La Sabiduria FC
1334,A.C.F Sevilla
1335,Mzles FC
1336,Pinos F.C
1337,US Foggia Revolution
1338,New Forcing 2018
1339,BAYERN MONGOLO
1340,Rivendel F.C.
1341,Comunidad Roja
1342,matutti
1343,CUYABROS FC
1344,Golden Eagles 74
1345,ARSENAL THE GUNNERS
1346,MatuCastilla FC
1347,Rhapsody of Helloween
1348,America de Colombia
1349,BRAVOS DT
1350,FC Karius
1351,Elakt
1352,O sole mio
1353,Delta THC
1354,AbbeSoft
1355,Furia Latina
1356,tapas fútbol club
1357,El Nogal
1358,Ilizárov FC
1359,Papaya a 2000
1360,SUPERDEPORTESTOLIMA
1361,Limateme Club
1362,Sporting Soledad
1363,Churreteados F.C
1364,Greenpeace F.C
1365,Atletic paranamenso
1366,Jakkos
1367,El Dorado F. C
1368,lycantropos
1369,Peor Es Nada FC.
1370,Fuego JSSJ
1371,Clostridum Fc
1372,FECALITO F.C
1373,"Las Vegas FC,"
1374,Demonaz f.c
1375,Atletico Wizars
1376,Riveros Soccer Club
1377,Liga Mágica Deportiva San
1378,Chochito F.C
1379,Club Atlético Boyacá
1380,CerBeRuS F.C
1381,Los Brujos del Cuero
1382,Los Insurgentes
1383,Chimuelo
1384,ABORTOS FUTEBOL CLUB
1385,taksun
1386,Evangelios
1387,imperio currambero
1388,Dellun
1389,Atletico Bucaramanga FC
1390,GANJAH C.F
1391,Math-Cavco
1392,Ci2 F.C.
1393,MARACANEIROS F.C.
1394,Sindamanoy F.C.
1395,nodoatrial
1396,Deportes Quindio FC
1397,Blackwolves Football Club
1398,WYM fc
1399,Recreativo F.C.
1400,St. Pauli SV
1401,Munich D.C.
1402,Drazer
1403,SAFETRING F.C.
1404,Miloski
1405,Deportivo Mendozinos
1406,Pasion Escarlata
1407,ELMOAN F.C.
1408,Atlético Fruco
1409,palmira 67
1410,VENDETTA R.F.C
1411,Atlético Samuel Nieto
1412,BESTÁ FC
1413,C.D. La Chaguya
1414,Angeles Dorados FC
1415,GeoAcademia Fc.
1416,Huila 80
1417,Charta F.C
1418,Monkey F.C
1419,AC Emperors
1420,Club Atletico Los Cremoso
1421,SELECCION ANTIOQUIA
1422,Sensoria F.C.
1423,F.C Tejones
1424,Atlético Sogamoso
1425,Combo Azucarero
1426,Sinuanos FC
1427,Hazard United Colombia
1428,Bocachico Sudado F.C.
1429,Syrtis F.C
1430,Green Day Co
1431,Patriotas Boyaca FC
1432,calitoli
1433,Unvrsl Inc
1434,American Dragons FC
1435,BOSA JUNIORS
1436,Corinto F.C
1437,The Hersirs Play
1438,Los Bullis
1439,Rojita
1440,Titán Sports
1441,LA RIAL ZOOCIEDAD
1442,Canequeros FC
1443,Potros C.F.
1444,TIMONEL F.C
1445,Atlético Nacional
1446,AZULEJOS F.C.
1447,Expreso Independiente
1448,Chinchiná United
1449,Londondream
1450,Diablos Rojos D.R.B
1451,Pance Rocicoc FC
1452,QUANTUM F.C.
1453,Economistas F.C.
1454,Cutibiri FC
1455,Supercampeones Invencible
1456,The Tiggers
1457,AC VICHADA
1458,Panda Bucaro C.F.
1459,Pinochos FC
1460,shaolin soccer 2
1461,Abrego FC
1462,Barrigordos FC
1463,Sel_america01
1464,Millonarios C.F.V
1465,Sol Central
1466,Owls And Crows
1467,Mr. Mark
1468,vanguard 1304
1469,CLUB ATLÉTICO DE LAS ESTR
1470,F.C. Huracan Atletico
1471,JJSB
1472,CLUB LOS_SOCIOS
1473,cD FuriaAzul
1474,Gani fc
1475,Alarcon
1476,imperio f.c.
1477,DEPORTIVO KAMASUTRA FC
1478,B/quilla FC
1479,CLUB DEPORTIVO LA MASÍA
1480,Delux Fc
1481,Los Zuncos
1482,DOGARSUR
1483,JOSEGP
1484,La Mesa F.C.
1485,Los Thomas
1486,FUTURA F.C.
1487,CYCLONE F.C.
1488,cowtitude
1489,Aston Huila F.C
1490,CD Fusagasugà
1491,LIBERTY1179
1492,Wolfs2016
1493,Mr. MARIO
1494,Futbol Club Juventus
1495,DEPORTIVO PASTO ASOCIACIO
1496,Atletico Milán
1497,Rayo Santander FC
1498,Mosk FC
1499,tramer F.C.
1500,Heagen
1501,Nitidos
1502,Arsenalgas
1503,Las lamparas F.C.
1504,EL TSUNAMI
1505,ESTEA CINCO
1506,cucutadt2
1507,Suesca FC
1508,Guerreros de la Muerte
1509,COSMOS GIRARDOTA
1510,Fundación La Paz
1511,Nestle FC
1512,F.C. Broncos
1513,GIRARDOTA FC
1514,Neurología FC
1515,Los Compinches
1516,O11ce Leones
1517,S-A-N-T-A F-E
1518,el_clan_verde
1519,RedMoon City
1520,Impakto
1521,CARNE DE DIABLO
1522,plaviut
1523,Cantera de heroes
1524,Barú F.C.
1525,Real Academia F.C.
1526,Atlético Junior
1527,Los Secos F.C.
1528,Victoria Dynamo
1529,Johaldinho FC
1530,Forte Futbol
1531,AnFel y ViDa FC
1532,Dr. Zaius Utd.
1533,Aguilas naranjas
1534,MILLIONARS FC
1535,Mattrick F.C
1536,Atletico Picapiedras
1537,club atletico los demoled
1538,Thirteen Strikers
1539,Atletico Montenegro
1540,Libertario F.C
1541,Atlético Junior F.B.C
1542,@SPUR21@
1543,Wotan Wels FC
1544,No Era Gol De Yepes
1545,Cockney Boys
1546,Envigado -FC-
1547,Unión Magdalena
1548,Blue International FC
1549,Pahf
1550,AUTOMATAS F.C
1551,Los Fantasticos F.C.
1552,JOLU FC II
1553,.Atlético Nacional.
1554,3.141592
1555,Shuffle Aliance
1556,Magics F.C
1557,Impact Laval FC
1558,NK Ozujsko
1559,Gatos Depor Club
1560,ATLETICO GREEN
1561,Bugalagrande F.C.
1562,Club Los Libertadores
1563,CALIDOSOS F.C.
1564,Kissinger F.C
1565,Azzurri F.C.
1566,Ocaña Fc.
1567,Druid Master
1568,Real Bogota FC
1569,Deportivo Alavés
1570,BLANCOX F.C
1571,Visivo Fútbol Club
1572,lacatolica
1573,LOS EXTRATERRESTRES FC
1574,Barzoolombia
1575,SF Bogotá 38 CF
1576,Los Acaba Ropa
1577,L.A.C. II
1578,The Killers fc
1579,LCSFC
1580,Rocknroles
1581,Pizza de Kiwi FC
1582,la vega team
1583,-SiR
1584,heddeer f.c
1585,Los Patas FC
1586,BUSETEROS F.C
1587,El Zapote Mecánico
1588,KRIBI
1589,Tipacoque C.F.
1590,Wise Monkeys F.C.
1591,Cristhancho FC
1592,Matadores AS
1593,paisas F.C.
1594,Medicina F.C.
1595,Me le canso FC ***
1596,Atlético Manchester FC
1597,indumentaria colombiana
1598,La Burbuja F.C.
1599,Agonistas FC
1600,Internacional de Antioqui
1601,NARD Bangalter
1602,Atlético Turén
1603,Club Deportivo Tapita
1604,LEALTAD F.C.
1605,Nio Fútbol Club
1606,winzard
1607,Legends house
1608,A.C.F Sevilla
1609,Atletico Nacional.
1610,MatuCastilla FC
1611,Pulgas Arrechas
1612,FC Karius
1613,The Beaters FC
1614,Ilizárov FC
1615,cerros tutelares
1616,Sporting Soledad
1617,Los Ranchos
1618,Greenpeace F.C
1619,JUZPROTON
1620,lycantropos
1621,RedLion FC
1622,Fuego JSSJ
1623,LA_ACAD3M1A_FC
1624,Los Insurgentes
1625,Atletico Sebjua's
1626,ABORTOS FUTEBOL CLUB
1627,Deportivo Barranquita FC.
1628,Dellun
1629,Union Nacional FC
1630,GANJAH C.F
1631,Internacional de Bogotá
1632,Ci2 F.C.
1633,cortulua
1634,Sindamanoy F.C.
1635,Jonndavzs FC
1636,WYM fc
1637,Brujildo F.C.
1638,St. Pauli SV
1639,TATOA FC
1640,Drazer
1641,maxgoalers
1642,Miloski
1643,MilIonarios F.C.
1644,Pasion Escarlata
1645,pasión de un pueblo
1646,Atlético Fruco
1647,cemvox
1648,BESTÁ FC
1649,duhermes club
1650,Angeles Dorados FC
1651,Le Blanc de La Vallière
1652,Monkey F.C
1653,Good Old Fashioned
1654,Club Atletico Los Cremoso
1655,La Juve F.C.
1656,Atlético Sogamoso
1657,Andino FC 
1658,Corinto F.C
1659,Piamonte
1660,Los Bullis
1661,debasers
1662,Chinchiná United
1663,America1927
1664,QUANTUM F.C.
1665,Inter de Duitama
1666,Cutibiri FC
1667,Los 11 de Douglas
1668,The Tiggers
1669,Puros_Criollos
1670,shaolin soccer 2
1671,la rompemos siempre FC
1672,Millonarios C.F.V
1673,Red Menace
1674,F.C. Huracan Atletico
1675,Real Valle Escondido
1676,CLUB LOS_SOCIOS
1677,Academia Arsenal FC
1678,B/quilla FC
1679,TECK FUTBOL CLUB
1680,DOGARSUR
1681,ARMIRO
1682,CD Fusagasugà
1683,Internazionale Club
1684,Wolfs2016
1685,JAAR
1686,Atletico Milán
1687,Union Colombia F.C
1688,Mosk FC
1689, F.C. Pandas
1690,Heagen
1691,Nachonal Paisa
1692,Arsenalgas
1693,atletico piedecuesta
1694,EL TSUNAMI
1695,Drunk Dragons
1696,Fundación La Paz
1697,mistycal floo
1698,O11ce Leones
1699,Club Atlético JACS
1700,el_clan_verde
1701,Memillos
1702,plaviut
1703,villavicencio2016
1704,Barú F.C.
1705,GabrielRn FC
1706,CARNE DE DIABLO
1707,Familia R F.C
1708,Los Compinches
1709,Once Bucaros
1710,GIRARDOTA FC
1711,Outside 113
1712,COSMOS GIRARDOTA
1713,cessid
1714,Suesca FC
1715,chibchombian devil's
1716,DEPORTIVO PASTO ASOCIACIO
1717,CAFU
1718,Aston Huila F.C
1719,Heroes de Leyenda FC
1720,CYCLONE F.C.
1721,Ad astra F.C.
1722,Los Thomas
1723,io2
1724,Los Zuncos
1725,Gundrak City H.C.
1726,DEPORTIVO KAMASUTRA FC
1727,Suamox F.C.
1728,Alarcon
1729,Shikoshoume
1730,CLUB ATLÉTICO DE LAS ESTR
1731,Galacticos Azules
1732,Mr. Mark
1733,ATALANTA80
1734,Sel_america01
1735,AutoGol F.C.
1736,Pinochos FC
1737,Racing Club Cali
1738,Pance Rocicoc FC
1739,Amarty FC
1740,Expreso Independiente
1741,VENTAQUEMADA FUTBOL CLUB
1742,Atlético Nacional
1743,Expreso Santa Fe
1744,Potros C.F.
1745,Rata Fc.
1746,LA RIAL ZOOCIEDAD
1747,FC Boavita
1748,BOSA JUNIORS
1749,Untouchables F.C.
1750,Unvrsl Inc
1751,) Dangerous Transfer! mon
1752,Patriotas Boyaca FC
1753,Libreypool F.C
1754,Syrtis F.C
1755,ATLETICO DISTRITO CAPITAL
1756,Hazard United Colombia
1757,ONCHESTER UNITED
1758,F.C Tejones
1759,The Lynxs
1760,Charta F.C
1761,Sporting Santa Fe
1762,Atlético Samuel Nieto
1763,-Atletico Nacional-
1764,Blackwolves Football Club
1765,US Foggia Revolution
1766,imperio currambero
1767,BAYERN MONGOLO
1768,Los Brujos del Cuero
1769,Comunidad Roja
1770,Club Atlético Boyacá
1771,CUYABROS FC
1772,Liga Mágica Deportiva San
1773,ARSENAL THE GUNNERS
1774,Atletico Wizars
1775,BRAVOS DT
1776,"Las Vegas FC,"
1777,Delta THC
1778,El Dorado F. C
1779,Furia Latina
1780,Limateme Club
1781,El Nogal
1782,Libertario F.C
1783,Los Secos F.C.
1784,ATLETICO GREEN
1785,Johaldinho FC
1786,The Killers fc
1787,AnFel y ViDa FC
1788,KRIBI
1789,Aguilas naranjas
1790,Matadores AS
1791,Mattrick F.C
1792,Medicina F.C.
1793,club atletico los demoled
1794,Internacional de Antioqui
1795,Atletico Montenegro
1796,Sporting Soledad
1797,Wotan Wels FC
1798,Greenpeace F.C
1799,Cockney Boys
1800,lycantropos
1801,Unión Magdalena
1802,Los Insurgentes
1803,Pahf
1804,ABORTOS FUTEBOL CLUB
1805,Los Fantasticos F.C.
1806,Ci2 F.C.
1807,.Atlético Nacional.
1808,Miloski
1809,Shuffle Aliance
1810,BESTÁ FC
1811,Impact Laval FC
1812,Club Atletico Los Cremoso
1813,Gatos Depor Club
1814,QUANTUM F.C.
1815,CALIDOSOS F.C.
1816,Cutibiri FC
1817,Azzurri F.C.
1818,The Tiggers
1819,Druid Master
1820,shaolin soccer 2
1821,Deportivo Alavés
1822,Millonarios C.F.V
1823,Visivo Fútbol Club
1824,F.C. Huracan Atletico
1825,LOS EXTRATERRESTRES FC
1826,CLUB LOS_SOCIOS
1827,SF Bogotá 38 CF
1828,B/quilla FC
1829,L.A.C. II
1830,CD Fusagasugà
1831,Pizza de Kiwi FC
1832,Mosk FC
1833,-SiR
1834,Arsenalgas
1835,Los Patas FC
1836,EL TSUNAMI
1837,El Zapote Mecánico
1838,O11ce Leones
1839,Cristhancho FC
1840,el_clan_verde
1841,indumentaria colombiana
1842,plaviut
1843,Agonistas FC
1844,Barú F.C.
1845,Club Deportivo Tapita
1846,CARNE DE DIABLO
1847,Nio Fútbol Club
1848,GIRARDOTA FC
1849,Legends house
1850,Los Thomas
1851,Atletico Nacional.
1852,Expreso Independiente
1853,Pulgas Arrechas
1854,Atlético Nacional
1855,The Beaters FC
1856,LA RIAL ZOOCIEDAD
1857,cerros tutelares
1858,Patriotas Boyaca FC
1859,LA_ACAD3M1A_FC
1860,Hazard United Colombia
1861,Union Nacional FC
1862,Charta F.C
1863,Internacional de Bogotá
1864,Atlético Samuel Nieto
1865,Jonndavzs FC
1866,imperio currambero
1867,Brujildo F.C.
1868,Atletico Wizars
1869,TATOA FC
1870,"Las Vegas FC,"
1871,maxgoalers
1872,Limateme Club
1873,pasión de un pueblo
1874,Furia Latina
1875,cemvox
1876,ARSENAL THE GUNNERS
1877,Le Blanc de La Vallière
1878,CUYABROS FC
1879,Good Old Fashioned
1880,Comunidad Roja
1881,Andino FC 
1882,US Foggia Revolution
1883,Piamonte
1884,The Lynxs
1885,debasers
1886,ATLETICO DISTRITO CAPITAL
1887,America1927
1888,) Dangerous Transfer! mon
1889,ARMIRO
1890,Untouchables F.C.
1891,JAAR
1892,Rata Fc.
1893,Union Colombia F.C
1894,Amarty FC
1895,Nachonal Paisa
1896,Racing Club Cali
1897,mistycal floo
1898,AutoGol F.C.
1899,Once Bucaros
1900,ATALANTA80
1901,cessid
1902,Galacticos Azules
1903,chibchombian devil's
1904,Shikoshoume
1905,CAFU
1906,Suamox F.C.
1907,Heroes de Leyenda FC
1908,Gundrak City H.C.
1909,Ad astra F.C.
1910,Medicina F.C.
1911,Los Secos F.C.
1912,lycantropos
1913,Johaldinho FC
1914,Ci2 F.C.
1915,AnFel y ViDa FC
1916,Club Atletico Los Cremoso
1917,Aguilas naranjas
1918,The Tiggers
1919,Mattrick F.C
1920,shaolin soccer 2
1921,Atletico Montenegro
1922,Millonarios C.F.V
1923,Wotan Wels FC
1924,EL TSUNAMI
1925,Cockney Boys
1926,O11ce Leones
1927,Pahf
1928,Barú F.C.
1929,Los Fantasticos F.C.
1930,Expreso Independiente
1931,Shuffle Aliance
1932,Patriotas Boyaca FC
1933,Impact Laval FC
1934,Hazard United Colombia
1935,CALIDOSOS F.C.
1936,Charta F.C
1937,Azzurri F.C.
1938,Limateme Club
1939,LOS EXTRATERRESTRES FC
1940,Furia Latina
1941,SF Bogotá 38 CF
1942,ARSENAL THE GUNNERS
1943,L.A.C. II
1944,CUYABROS FC
1945,Pizza de Kiwi FC
1946,US Foggia Revolution
1947,-SiR
1948,The Lynxs
1949,Los Patas FC
1950,ATLETICO DISTRITO CAPITAL
1951,indumentaria colombiana
1952,) Dangerous Transfer! mon
1953,Agonistas FC
1954,Untouchables F.C.
1955,Nio Fútbol Club
1956,ATALANTA80
1957,Legends house
1958,Galacticos Azules
1959,Atletico Nacional.
1960,Suamox F.C.
1961,The Beaters FC
1962,Ad astra F.C.
1963,cerros tutelares
1964,CAFU
1965,Jonndavzs FC
1966,Once Bucaros
1967,Brujildo F.C.
1968,mistycal floo
1969,TATOA FC
1970,Nachonal Paisa
1971,maxgoalers
1972,Union Colombia F.C
1973,Andino FC 
1974,shaolin soccer 2
1975,Los Secos F.C.
1976,Expreso Independiente
1977,Johaldinho FC
1978,US Foggia Revolution
1979,AnFel y ViDa FC
1980,The Lynxs
1981,Aguilas naranjas
1982,Galacticos Azules
1983,Mattrick F.C
1984,Suamox F.C.
1985,Wotan Wels FC
1986,CAFU
1987,Cockney Boys
1988,Once Bucaros
1989,Pahf
1990,mistycal floo
1991,Los Fantasticos F.C.
1992,Nachonal Paisa
1993,Impact Laval FC
1994,Andino FC 
1995,CALIDOSOS F.C.
1996,cerros tutelares
1997,Azzurri F.C.
1998,Legends house
1999,LOS EXTRATERRESTRES FC
2000,Nio Fútbol Club
2001,SF Bogotá 38 CF
2002,Agonistas FC
2003,L.A.C. II
2004,indumentaria colombiana
2005,Pizza de Kiwi FC
